{
  "interact": {
    "magic": "APF_VER_1",
    "variables": [
      {
        "id": 0,
        "name": "----------------",
        "type": "action",
        "enabled": false,
        "address": "0xF0000000",
        "value": 0
      },
      {
        "name": "Free Play",
        "id": 2,
        "type": "list",
        "enabled": true,
        "persist": true,
        "address": "0xFA000004",
        "mask": "0xFFFFFFFE",
        "defaultval": 0,
        "options": [
          {
            "value": "0x0",
            "name": "Off"
          },
          {
            "value": "0x1",
            "name": "On"
          }
        ]
      },
      {
        "name": "Violence Level",
        "id": 3,
        "type": "list",
        "enabled": true,
        "persist": true,
        "address": "0xFA000004",
        "mask": "0xFFFFFFFD",
        "defaultval": 0,
        "options": [
          {
            "value": "0x0",
            "name": "Normal"
          },
          {
            "value": "0x2",
            "name": "Less Violence"
          }
        ]
      },
      {
        "name": "Difficulty",
        "id": 4,
        "type": "list",
        "enabled": true,
        "persist": true,
        "address": "0xFA000004",
        "mask": "0xFFFFFFE3",
        "defaultval": 1,
        "options": [
          {
            "value": "0x0",
            "name": "Extra Easy"
          },
          {
            "value": "0x4",
            "name": "Easy"
          },
          {
            "value": "0x8",
            "name": "Normal"
          },
          {
            "value": "0xC",
            "name": "Hard"
          },
          {
            "value": "0x10",
            "name": "Extra Hard"
          }
        ]
      },
      {
        "name": "Lives Per Play",
        "id": 5,
        "type": "list",
        "enabled": true,
        "persist": true,
        "address": "0xFA000004",
        "mask": "0xFFFFFF1F",
        "defaultval": 1,
        "options": [
          {
            "value": "0x0",
            "name": "1"
          },
          {
            "value": "0x20",
            "name": "3"
          },
          {
            "value": "0x40",
            "name": "5"
          },
          {
            "value": "0x60",
            "name": "6"
          },
          {
            "value": "0x80",
            "name": "7"
          }
        ]
      },
      {
        "name": "Rockets Per Play",
        "id": 6,
        "type": "list",
        "enabled": true,
        "persist": true,
        "address": "0xFA000004",
        "mask": "0xFFFFF8FF",
        "defaultval": 2,
        "options": [
          {
            "value": "0x0",
            "name": "1"
          },
          {
            "value": "0x100",
            "name": "3"
          },
          {
            "value": "0x200",
            "name": "5"
          },
          {
            "value": "0x300",
            "name": "7"
          },
          {
            "value": "0x400",
            "name": "10"
          }
        ]
      },
      {
        "name": "Last Man Every",
        "id": 7,
        "type": "list",
        "enabled": true,
        "persist": true,
        "address": "0xFA000004",
        "mask": "0xFFFFC7FF",
        "defaultval": 1,
        "options": [
          {
            "value": "0x0",
            "name": "Never"
          },
          {
            "value": "0x800",
            "name": "100k"
          },
          {
            "value": "0x1000",
            "name": "300k"
          },
          {
            "value": "0x1800",
            "name": "400k"
          },
          {
            "value": "0x2000",
            "name": "500k"
          }
        ]
      },
      {
        "name": "Final Extra Man At",
        "id": 8,
        "type": "list",
        "enabled": true,
        "persist": true,
        "address": "0xFA000004",
        "mask": "0xFFFE3FFF",
        "defaultval": 0,
        "options": [
          {
            "value": "0x0",
            "name": "Always"
          },
          {
            "value": "0x4000",
            "name": "500k"
          },
          {
            "value": "0x8000",
            "name": "1mil"
          },
          {
            "value": "0xC000",
            "name": "2mil"
          },
          {
            "value": "0x10000",
            "name": "3mil"
          },
          {
            "value": "0x14000",
            "name": "4mil"
          },
          {
            "value": "0x18000",
            "name": "5mil"
          }
        ]
      },
      {
        "name": "Attract Sound",
        "id": 9,
        "type": "list",
        "enabled": true,
        "persist": true,
        "address": "0xFA000004",
        "mask": "0xFFFDFFFF",
        "defaultval": 0,
        "options": [
          {
            "value": "0x0",
            "name": "On"
          },
          {
            "value": "0x20000",
            "name": "Off"
          }
        ]
      },
      {
        "id": 0,
        "name": "----------------",
        "type": "action",
        "enabled": false,
        "address": "0xF0000000",
        "value": 0
      },
      {
        "name": "Starting Stage",
        "id": 10,
        "type": "list",
        "enabled": true,
        "persist": true,
        "address": "0xFA000008",
        "mask": "0xFFFFFFF0",
        "defaultval": 0,
        "options": [
          {
            "value": "0x0",
            "name": "The Junkyard"
          },
          {
            "value": "0x2",
            "name": "K.R.A.K. Street"
          },
          {
            "value": "0x3",
            "name": "The Bridge"
          },
          {
            "value": "0x4",
            "name": "Sunset Strip"
          },
          {
            "value": "0x5",
            "name": "Skyhigh's Nursery"
          },
          {
            "value": "0x6",
            "name": "Downtown"
          },
          {
            "value": "0x7",
            "name": "Mr. Big's Office"
          },
          {
            "value": "0x8",
            "name": "Inner Sanctum"
          }
        ]
      },
      {
        "name": "P1 Inf. Energy",
        "id": 11,
        "type": "check",
        "enabled": true,
        "persist": true,
        "defaultval": 0,
        "value": "0x10",
        "value_off":"0x0",
        "address": "0xFA000008",
        "mask": "0xFFFFFFEF"
      },
      {
        "name": "P2 Inf. Energy",
        "id": 12,
        "type": "check",
        "enabled": true,
        "persist": true,
        "defaultval": 0,
        "value": "0x20",
        "value_off":"0x0",
        "address": "0xFA000008",
        "mask": "0xFFFFFFDF"
      },
      {
        "name": "P1 Inf. Rockets",
        "id": 13,
        "type": "check",
        "enabled": true,
        "persist": true,
        "defaultval": 0,
        "value": "0x40",
        "value_off":"0x0",
        "address": "0xFA000008",
        "mask": "0xFFFFFFBF"
      },
      {
        "name": "P2 Inf. Rockets",
        "id": 14,
        "type": "check",
        "enabled": true,
        "persist": true,
        "defaultval": 0,
        "value": "0x80",
        "value_off":"0x0",
        "address": "0xFA000008",
        "mask": "0xFFFFFF7F"
      },
      {
        "id": 0,
        "name": "----------------",
        "type": "action",
        "enabled": false,
        "address": "0xF0000000",
        "value": 0
      }
    ]
  }
}