{
  "input": {
    "magic": "APF_VER_1",
    "controllers": [
      {
        "type": "default",
        "mappings": [
          {
            "id": 0,
            "name": "Low Kick",
            "key": "pad_btn_a"
          },
          {
            "id": 1,
            "name": "Low Punch",
            "key": "pad_btn_b"
          },
          {
            "id": 2,
            "name": "High Kick",
            "key": "pad_btn_x"
          },
          {
            "id": 3,
            "name": "High Punch",
            "key": "pad_btn_y"
          },
          {
            "id": 4,
            "name": "Block",
            "key": "pad_trig_l"
          },
          {
            "id": 5,
            "name": "Block",
            "key": "pad_trig_r"
          },
          {
            "id": 6,
            "name": "Start",
            "key": "pad_btn_start"
          },
          {
            "id": 7,
            "name": "Coin",
            "key": "pad_btn_select"
          }
        ]
      }
    ]
  }
}