{
    "data": {
      "magic": "APF_VER_1",
      "data_slots": [
        {
          "name": "Game JSON Setup",
          "id": 0,
          "required": true,
          "parameters": "0x12",
          "extensions": [
            "json"
          ]
        },
        {
          "name": "ROM",
          "id": 1,
          "required": true,
          "parameters": "0x108",
          "extensions": [
            "rom"
          ],
          "size_maximum": "0x4000000",
          "address": "0x00000000"
        },
        {
          "name": "NVRAM",
          "id": 2,
          "required": false,
          "parameters": "0x100",
          "extensions": [
            "sav"
          ],
          "address": "0x00000000",
          "nonvolatile": true
        },
        {
          "name": "COINOPKEY",
          "id": 37,
          "required": true,
          "parameters": "0x1000080",
          "filename": "coinop.key",
          "extensions": [
            "key"
          ],
          "address": "0x00000000",
          "nonvolatile": false
        }
      ]
    }
  }