{
    "data": {
      "magic": "APF_VER_1",
      "data_slots": [
        {
          "name": "Game JSON Setup",
          "id": 0,
          "required": true,
          "parameters": "0x12",
          "extensions": [
            "json"
          ]
        },
        {
          "name": "ROM",
          "id": 1,
          "required": true,
          "parameters": "0x108",
          "extensions": [
            "rom"
          ],
          "size_maximum": "0x4000000",
          "address": "0x00000000"
        }
      ]
    }
  }