{
  "input": {
    "magic": "APF_VER_1",
    "controllers": [
      {
        "type": "default",
        "mappings": [
          {
            "id": 0,
            "name": "Punch",
            "key": "pad_btn_a"
          },
          {
            "id": 1,
            "name": "Kick",
            "key": "pad_btn_b"
          },
          {
            "id": 2,
            "name": "Start",
            "key": "pad_btn_start"
          },
          {
            "id": 3,
            "name": "Coin",
            "key": "pad_btn_select"
          }
        ]
      }
    ]
  }
}