{
  "interact": {
    "magic": "APF_VER_1",
    "variables": [
      {
        "id": 0,
        "name": "----------------",
        "type": "action",
        "enabled": false
      },
      {
      "name": "Test Mode",
      "id": 2,
      "type": "list",
      "enabled": true,
      "persist": true,
      "address": "0xFA000000",
      "mask": "0xFFEFFFFF",
      "defaultval": 0,
      "options":[
          {
              "value":"0x100000",
              "name":"Off"
          },
          {
              "value":"0x000000",
              "name":"On"
          }
        ]
      },
      {
      "name": "Player Count",
      "id": 3,
      "type": "list",
      "enabled": true,
      "persist": true,
      "address": "0xFA000000",
      "mask": "0xFDFFFFFF",
      "defaultval": 0,
      "options":[
          {
              "value":"0x2000000",
              "name":"2"
          },
          {
              "value":"0x0000000",
              "name":"3"
          }
        ]
      },
      {
        "name": "Coinage",
        "id": 4,
        "type": "list",
        "enabled": true,
        "persist": true,
        "address": "0xFA000000",
        "mask": "0xFFFFFCFF",
        "defaultval": 0,
        "options":[
          {
              "value":"0x300",
              "name":"1 Coin 1 Play"
          },
          {
              "value":"0x200",
              "name":"1 Coin 2 Play"
          },
          {
              "value":"0x100",
              "name":"2 Coin 1 Play"
          },
          {
              "value":"0x000",
              "name":"3 Coin 1 Play"
          }
        ]
      },
      {
      "name": "Continue Discount",
      "id": 5,
      "type": "list",
      "enabled": true,
      "persist": true,
      "address": "0xFA000000",
      "mask": "0xFFFFEFFF",
      "defaultval": 0,
      "options":[
          {
              "value":"0x1000",
              "name":"On"
          },
          {
              "value":"0x0000",
              "name":"Off"
          }
        ]
      },
      {
      "name": "Attract Mode Sound",
      "id": 6,
      "type": "list",
      "enabled": true,
      "persist": true,
      "address": "0xFA000000",
      "mask": "0xFFFFDFFF",
      "defaultval": 0,
      "options":[
          {
              "value":"0x2000",
              "name":"On"
          },
          {
              "value":"0x0000",
              "name":"Off"
          }
        ]
      },
      {
      "name": "Difficulty",
      "id": 7,
      "type": "list",
      "enabled": true,
      "persist": true,
      "address": "0xFA000000",
      "mask": "0xFFFCFFFF",
      "defaultval": 0,
      "options":[
          {
              "value":"0x30000",
              "name":"Normal"
          },
          {
              "value":"0x20000",
              "name":"Easy"
          },
          {
              "value":"0x10000",
              "name":"Less Than Difficult"
          },
          {
              "value":"0x00000",
              "name":"Difficult"
          }
        ]
      },
      {
      "name": "Timer Speed",
      "id": 8,
      "type": "list",
      "enabled": true,
      "persist": true,
      "address": "0xFA000000",
      "mask": "0xFFFBFFFF",
      "defaultval": 0,
      "options":[
          {
              "value":"0x40000",
              "name":"Normal"
          },
          {
              "value":"0x000",
              "name":"Fast"
          }
        ]
      },
      {
      "name": "FBI Logo",
      "id": 9,
      "type": "list",
      "enabled": true,
      "persist": true,
      "address": "0xFA000000",
      "mask": "0xFFF7FFFF",
      "defaultval": 0,
      "options":[
          {
              "value":"0x80000",
              "name":"On"
          },
          {
              "value":"0x0",
              "name":"Off"
          }
        ]
      },
      {
      "name": "Stage Clear Energy",
      "id": 10,
      "type": "list",
      "enabled": true,
      "persist": true,
      "address": "0xFA000000",
      "mask": "0xFFDFFFFF",
      "defaultval": 0,
      "options":[
          {
              "value":"0x200000",
              "name":"0/100"
          },
          {
              "value":"0x000000",
              "name":"50/150"
          }
        ]
      },
      {
      "name": "Stage Clear Value",
      "id": 11,
      "type": "list",
      "enabled": true,
      "persist": true,
      "address": "0xFA000000",
      "mask": "0xFEFFFFFF",
      "defaultval": 0,
      "options":[
          {
              "value":"0x0000000",
              "name":"0/100"
          },
          {
              "value":"0x1000000",
              "name":"50/150"
          }
        ]
      },
      {
        "id": 0,
        "name": "----------------",
        "type": "action",
        "enabled": false
      }
    ]
  }
}
