{
  "interact": {
    "magic": "APF_VER_1",
    "variables": [
      {
        "id": 0,
        "name": "----------------",
        "type": "action",
        "enabled": false,
        "address": "0xF0000000",
        "value": 0
      },
      {
        "name": "Service Mode",
        "id": 2,
        "type": "list",
        "enabled": true,
        "persist": true,
        "address": "0xFA000000",
        "mask": "0xFFFFFFFB",
        "defaultval": 0,
        "options":[
          {
              "value":"0x0",
              "name":"Normal Mode"
          },
          {
              "value":"0x4",
              "name":"Test Mode"
          }
        ]
      },
      {
        "name": "Region Select",
        "id": 3,
        "type": "list",
        "enabled": true,
        "persist": true,
        "address": "0xFA000000",
        "mask": "0xFFF0FFFF",
        "defaultval": 0,
        "options":[
          {
              "value":"0",
              "name":"Japan"
          },
          {
              "value":"65536",
              "name":"Asia"
          },
          {
              "value":"131072",
              "name":"Hong Kong (Honest Trading)"
          },
          {
              "value":"196608",
              "name":"Taiwan"
          },
          {
              "value":"262144",
              "name":"USA"
          },
          {
              "value":"327680",
              "name":"USA (Romstar)"
          },
          {
              "value":"393216",
              "name":"Europe"
          },
          {
              "value":"458752",
              "name":"Europe (Nova Apparate GMBH & Co.)"
          }
        ]
      },
      {
        "id": 0,
        "name": "----------------",
        "type": "action",
        "enabled": false,
        "address": "0xF0000000",
        "value": 0
      },
      {
        "name": "Advertise Sound",
        "id": 4,
        "type": "list",
        "enabled": true,
        "persist": true,
        "address": "0xFA000000",
        "mask": "0xFFFFFFF7",
        "defaultval": 0,
        "options":[
          {
              "value":"0x0",
              "name":"On"
          },
          {
              "value":"0x8",
              "name":"Off"
          }
        ]
      },
      {
        "name": "Difficulty",
        "id": 5,
        "type": "list",
        "enabled": true,
        "persist": true,
        "address": "0xFA000000",
        "mask": "0xFFFFFCFF",
        "defaultval": 0,
        "options": [
          {
            "value": 0,
            "name": "Normal"
          },
          {
            "value": 256,
            "name": "Easy"
          },
          {
            "value": 512,
            "name": "Hard"
          },
          {
            "value": 768,
            "name": "Very Hard"
          }
        ]
      },
      {
        "name": "Extend Player",
        "id": 6,
        "type": "list",
        "enabled": true,
        "persist": true,
        "address": "0xFA000000",
        "mask": "0xFFFFF3FF",
        "defaultval": 0,
        "options": [
          {
            "value": 0,
            "name": "200k/300k"
          },
          {
            "value": 1024,
            "name": "150k/200k"
          },
          {
            "value": 2048,
            "name": "200k"
          },
          {
            "value": 3072,
            "name": "None"
          }
        ]
      },
      {
        "name": "Hero Counts",
        "id": 7,
        "type": "list",
        "enabled": true,
        "persist": true,
        "address": "0xFA000000",
        "mask": "0xFFFFCFFF",
        "defaultval": 0,
        "options": [
          {
            "value": 0,
            "name": "3"
          },
          {
            "value": 4096,
            "name": "5"
          },
          {
            "value": 8192,
            "name": "4"
          },
          {
            "value": 12288,
            "name": "2"
          }
        ]
      },
      {
        "name": "Invulnerability",
        "id": 8,
        "type": "list",
        "enabled": true,
        "persist": true,
        "address": "0xFA000000",
        "mask": "0xFFFFBFFF",
        "defaultval": 0,
        "options":[
          {
              "value":"0x0",
              "name":"Off"
          },
          {
              "value":"0x4000",
              "name":"On"
          }
        ]
      },
      {
        "name": "Nudity",
        "id": 9,
        "type": "list",
        "enabled": true,
        "persist": true,
        "address": "0xFA000000",
        "mask": "0xFFF7FFFF",
        "defaultval": 0,
        "options":[
          {
              "value":"0x0",
              "name":"High (Censored)"
          },
          {
              "value":"0x80000",
              "name":"Low"
          }
        ]
      },
      {
        "id": 0,
        "name": "----------------",
        "type": "action",
        "enabled": false,
        "address": "0xF0000000",
        "value": 0
      },
    ]
  }
}