{
  "interact": {
    "magic": "APF_VER_1",
    "variables": [
      {
        "id": 0,
        "name": "----------------",
        "type": "action",
        "enabled": false
      },
      {
        "name": "Test Switch",
        "id": 1,
        "type": "check",
        "enabled": true,
        "persist": false,
        "address": "0xFA000000",
        "value": "0xFEBF",
        "value_off": "0xFFBF",
        "mask": "0xFFFF0000"
      },
      {
        "id": 0,
        "name": "----------------",
        "type": "action",
        "enabled": false
      },
      {
        "name": "Select Island",
        "id": 41,
        "type": "slider_u32",
        "enabled": true,
        "persist": true,
        "address": "0xFA000004",
        "mask": "0xFFFFFFC0",
        "defaultval": 49,
        "graphical": {
          "signed": false,
          "min": 1,
          "max": 49,
          "adjust_small": 1,
          "adjust_large": 5
        }
      },
      {
        "name": "Invincibility",
        "id": 42,
        "type": "check",
        "enabled": true,
        "persist": true,
        "address": "0xFA000004",
        "defaultval": 0,
        "value": "0x80",
        "value_off": "0x0",
        "mask": "0xFFFFFF7F"
      },
      {
        "name": "Inf. Lives",
        "id": 43,
        "type": "check",
        "enabled": true,
        "persist": true,
        "address": "0xFA000004",
        "defaultval": 0,
        "value": "0x40",
        "value_off": "0x0",
        "mask": "0xFFFFFFBF"
      },
      {
        "id": 0,
        "name": "----------------",
        "type": "action",
        "enabled": false
      }
    ]
  }
}
